idUser,token,date
LLamJdCU,Cg37z9fQvBeykWkVu1T94octKXJYUUofrhUeX55Qpn9IrDjfrA,2003-10-07 00:31:41
FAgdp8a9,gkwQIUSum3KBuMKf9ChN14x8vA1gzInjpiTk5ThS6v71KVf2hu,2018-03-17 06:49:41
Bv0Omw1o,s05hhgkjMx3YI29ro9FpFCGPbwAjP4DL3dhCxZPaJhxg7KzFwJ,2022-02-07 09:08:20
HUi2KJva,UrqyFkKe4DP0Tn3qC4NdEf8zwIbLMkvQiFI5YWHRhQQQbax2Se,2020-03-19 14:52:01
iAkenvjx,YJZCSJYKwmfdfLrTfzow5CiAM4kiKxmOOvhAp5zAY2YqDTylV7,2018-08-15 12:33:56
WPujRuux,stxfjHD82FcUqc7huBqbcEUJoKYlrshZToK7a8QubBdDR19BjW,2019-07-10 22:23:36
GkDUrakj,vzo4RsT4kpaQJgxUU1eg8BRpOOeXd8NWED5qA0CHnYqFj6uaZr,2013-04-14 19:49:19
WePHuDp1,z6HR6wZ2LYEYToLoAkR84lSglvJ9ab3huZHaL1PdDZvTjyX1nV,2005-05-18 23:04:45
zQ7xqwc8,KN0RZDGNRHIX81FHpPAb680brCNTxZZMxF7Lj9f4pcMtcGZQaV,2021-01-24 11:28:21
GYUYzkih,QxTv2jevq0bJxqJoiYbwSfmb4oKKh0c8VrQe01mJH027BguZs2,2022-01-26 20:24:44
