id,nom,prenom,tel,adresse,id_igt,idUser,role
640,8XiP3jHU,NctSe21Q,eIdNvy8e,RHHNRM9r,110,3GwaeX2H,nLan8BAV
717,Gf1rFTVV,ndVzdIDr,PniM5S7f,r4H9PkkP,48,pT0HqeZD,e4H45nxP
340,9wF0CsFN,c77QdXcL,jxwXxDWq,tCJMPqbF,974,DWX4MTCX,zV5ifaM8
806,6cpEQKWe,QZ6JU7ur,z5FV9oDX,Y5Lph83v,617,H1TrI9JS,yL90COZl
896,stZN9bpC,RGfqYyry,AwIjaOuy,a3sf2l4k,399,pT0HqeZD,lGgha6Hy
48,HABvxHz6,UZEZ24qv,tqoUx9wD,yYxhuuPW,726,H1TrI9JS,sPaDWghd
637,2p096OkH,WJ3appia,C1hDO7AI,SIxD4d40,910,vNZ6T4YO,M4rwOShV
39,C2i5XvC7,Hfajs2yR,8y4pFVJV,F1CYtFKy,325,vNZ6T4YO,Y18e4Z6R
195,34AF2YsQ,sEaBZd0C,4tuaXW9p,oi8HsCW4,502,JbZpbYnm,QwpjIxfq
631,eubJUC1M,zsXeirSd,KEX3901Q,ALCPvfPW,925,vNZ6T4YO,EOIJVjCR
