Id_Personnel,Id_SE,Nom,Prenom,IdUSer,Direction,tel
880,366,qecXBTyi,lwXGP5Jp,yd4As7t5,8B0sPb3Y,zVTbmIXd
258,510,KvvAlsUq,FB44uI5M,qPIqQgvc,IbgO5NZT,vqjIM1Cw
51,528,S8KLyWHd,slfLIMbv,qS7L7G3v,FS2FhMxe,2D9kGa8t
174,976,j3Rto8Gy,VPtsqgUM,zKpenXH3,YNuzMAre,u57CEW7o
74,215,75ARoICr,3rwUoGCW,IEqbRVsY,66aiNe5r,pPGPquNY
117,491,hNWZyfrC,q31E0xv4,vQu5oHHA,zTtSsduQ,yNdTOP8I
666,539,UsHwQEcf,17o0SdVd,vDmfcFwk,5buRV9j3,h7Osnj4e
239,946,Vqs4vtjS,lhp5fOZ9,bzw7qdbb,aVoqQY5a,DAhzCznc
774,330,Oe71uekx,yL3VeHLV,0OXM4mKM,qsGlLien,sYy9pglk
490,734,wvseBeRf,ZtggYg3q,6LCkBEmV,G1KUVwj2,rsTXHEIL
