Id_Version,Libelle_Version,Description_MAJ,Date_MEL,Type,Initiateur,IsDisplayed,NomFichier
230,aQsbqPHA,8Xy7fmj4J0X7lXfTzotW2EMENKyfEYRGSc5LemavC6e0R54JpQ,2011-12-11 15:35:01,PTmlFRGT,s7ImGnRd,True,xxI7d7Cn
558,XvqSczrn,WYY3Qt2nkK80rOApo6iuh4gwBfs399liYxZFnePSVFicZfctJe,2020-05-10 14:19:13,ePf3STt4,GqLu1Egg,False,Pxupm8lV
775,OVyHl1yg,iFR1kDPwxPEm7f2VBOKBAhyMtg7jpfGnIPhdOGU9ZovFLiYM98,2012-11-17 16:37:24,Q5KDwZwf,q5Bz6TmP,False,6v69Mu7k
574,sQBAZ6Uf,j0OIIsaSprR4FnXqxilnPCNcmlW4XrhhlPiBau2csyMoox5z6w,2018-07-18 19:02:16,kjZeHDtN,7OW56qlU,False,tZe8EUj5
843,5d21SmJ8,1nimIbtGarFzf3ECuWdE3u85orrbKOMqs2JyzicxCkbkuC6kp7,2020-09-03 09:39:40,5vqoAbCL,x2A3hwrF,True,Kv3uxvp1
376,8KaZa7Ab,x6BOn3cxilCta7fkGHtngxlL1Aoz7efDMVJrYIhQduNS3g9BHr,2010-01-25 06:19:06,bt2vv6nL,M65Mlfo4,True,hUDXEXmz
483,LFiNz9uK,xnBlEkIiufReCzyaORDncTU4CeDd4j0CtOkFMrQl4eHnaVh7jz,2021-08-03 04:23:53,1PHEKQs8,xJRxHvCo,False,geSSBJS8
262,umLdTkQp,dKeR8qCSdsxA3LLD9D53ZYtOtp1318Ev1xjWyyh16i8wU24O0E,2009-07-29 12:18:58,wTF3eR5H,Vu4YbOtL,True,JqBvIaM6
372,VLsPWHfU,fLjd2HaVeOkHHfL5tYaVT3VxcjT20Q9VBPQcxt6Aut8mQaKCTL,2008-09-14 21:26:09,RVd6VQlW,BlUjzOCD,False,7J0p3bML
320,yBUMahN7,PALSStcpYrbcdWPx88dULydnOVC8x6okhZHwFwYNQnKA4IC1lN,2012-12-09 14:56:21,lR4WH0E6,qHuo17Er,True,kHJhFbug
