num_ordre,concat_cins
45,BKmxcNL0fSAU70l5uDDFBhLBmAztD5POkLvxbKHXpmVLGTIb7S
390,gRQCWSztz27hlW9H7n1RkOUSZ7oCEflRYlPcDuNiVkLWrY21UJ
312,XnWufTLAu68SJhEL4siKedttFGoIzNYyLy69JMDVA7Uponrvj7
394,0onLPMfQV70QDYiWtryGQAXOENtLeT9kVBJ1EEX1eJkMhdR2JM
154,rCFwPN4MgZ5RcnTmsCcNNRlhydoLqP86QA2YrtudOUixJb5fYO
717,3uOD4migIgsMJx4Mkbs1jbZlmNiUYbuVaI5HY6zs9amoZzMDzi
845,bA2oTCANy3SU0SMoqn3gNRS5ORihor6gVsczHw0Zff3lPaL9GN
792,Oq9Iz1R1KEDf8BtHcX4Z5cG3okoux4C6I30fn8f7yA0UQ8BkAq
703,pNJAapAVpBYeYnU2WjspvyBmvOsXNkSmCOoM3gEgZdcMBFZwur
690,u66e0P6xlmVdxiIfssQLUSCUXbUn2ZeirfCbXF9X0jvnrknkS3
