cin,nom_ar,prenom_ar,nom_fr,prenom_fr,date_naissance,adresse,adresse_ar,nom_pere,nom_mere,nom_pere_ar,nom_mere_ar,nom_conjoint,tel,situation_famille,nationalite,num_marche,verrou
6Wty7EJO,MYg6VbPa,Zc4F0PHx,CZuQxhqv,6QQKG7mP,wH8boWh1,thAkR8fM,fpwRC8GM,KbU2wq9z,y2IGqTUD,VL1wZ3BUzWiKOqGhyeHaVuqMBzUvvDw1x0q4oprIfCC9LACuWpC83gYUYWsjl9dnUJN5JQWiGQtqoenD9wb5fxp6M7KhNfIvXMHYCUqA761PUlWT7d5Yv2UuBL8i9MeRvS3M9Lzk1nLO1SfNMi8O1dPaagLXBDD4l8S4vlCgTzig5yCgo9juSgy8Qu7Rq8uDwMJija2R5nqpxQBXy4OkRhQFdT5VfumvUI78y9vL3LCnXTu4JxyXO6A0WH7gURu,GJ3O70qxqQyyNpOXFZ9A3KbQnZ42lQ96MQgIghoBkzLDN5b9GOtshLlTTkNdsdBH5J1JRHNPuZcb4aULg4eUaDXjRpOJSn5xq4Y5L3aODjSQeFi6OAHyg2CSI9sBw4Wd10PmzpqbvsDIBtEVUQyPJO9SnbcbqiNeczGXD2VPQm8hVkPqXPfcgVpGpoSqUqmOFHsGI2NuhyRVzRqtPyXq7kPzwGi9tmMxElIJOmOCkq9ufcETWrw0a74pq4UwFgb,oLLhO0yxenzMn7ErhRYz2phxTamS5QG4AsutycXE2BJrLQZG8WrGhvtEe0ATwesEwVh3OTCSbiqTnBOySEroIWAlkukTRSsKPvymS8eOF6NCK0GaA0MZcUim6V35ltFhOuz0Q8seBNHfbiYfcY03t5Tc4zqbazAS0PJwGtXsjoe2mX6WIkO3VQzUM6vtxVMPSIO0OnCnAhwy8Y9SaAbxcwkaSfEyTRTlWsURXNVsfmZQ8UuJub7NbcHKOHRFjt0,lHgqJZHI,2TTuCIZS,TNYIUdJO,tDYNJ6m0,True
ImRtfXl4,aQSnZOH8,VX0gAWBu,lVplLmeW,clVgZc6v,UYV78Dtn,JiWQjH3L,LdEFmSY1,nErBVk1G,tVOopQ0w,dlSdLNyO23arnEUk9vJuChLKcZhuQsa0h0bSGxY1htcnmXKO0gtpxvyTnCY4YGdOrvjZx6ZtkMhWXhWj9maZ2aDuUWwEz5XXq2mC57SSWu4ZWQSbkcJgB4iMdWq0cPYNtmU8HtcqiUp03ax43PjcNNUigIYooh74MmLPzQKV46UyXL1C41WMWaJTOY4we3zRIMxsH6otP3FW8VtGskDxBlg9Az9kNb9HjXE14dtYFUS9U8TjeG5T1TknZxUrHdm,OnUzjfhEOBZcWUerT7DM3jrwAgHG2L45SBCRCJwFTaFVb3C0GErfucVAf6UCzeGR9pJwlTumCrhdzG4GGRUW5dgMSvEUW1JAY9GqCNI7e8JicdhSZDg4bIvoiKev67h7q49UREIahw2yEf9ZyCSRvOBxDmRTd1JxPwky9sTdI3Q2priehmGaMQZMgGqYHFf8hfmkjRNtJTiBb5GIuIBYT7fKJvT3eQIBr8mN7hUIitiJmC16h5WvoKGQo89oQYW,efax04ZQRre92OLS5YmpVTTJGdKBpaSuI3VCUTJ2RkrPebeScHrDzjPJGVgDPR78N8BkYhzMJ6sF3m2rH2bxvEjmhWgrXdKakuz0yXebIG4SVYeL0C3ZY04nw4D6oyWexmlCrvCOKpFiBQsmUfKnTBlA3WIy0eZuZh92uw1sHSXjnyoKHLFbKFWqQKtr6NgoEois84OnOYCreDV21R6SdxKuxoBIK8SIp787YqZNeJlYT3mQfhvFx1CuksNR9Uk,gIpWPzwY,uL56YV9X,VKUDvn4y,9yOdEAhb,False
5cSI6tFe,hcbsGZhh,HGdCwM2a,GS0QzdfZ,7AU34MVe,m6u2Vvdc,E6a3r1qZ,iG5jLB3f,kwN9ao8i,MvmrqiEU,LvtNjWK2VrC3hqzSP28iRhIVWv8GJXruaqiaaTLMzD21ibFXMTtnAlgznBsIv8CNMZa6uRtqEvjx7HNE9GrHUtzPgyOnFPaqziqR20CcmwTHO8X3ZXTnPdWs3PyyQhWX9Bjiky1qY6D5zqzfeRDx7bZKPlIkBFR257nD9kCByG6SX1c9JU8wnp40W8xQ7graBQfK4BzQnv5MYn1A5xOohd0GXG7D9heBgO6PoqAUhhZF5Rgmhmk9tdRuBip91v7,uEoa6cxsUaXmOrSms3DD0fydzzV8cncDuJrxjhfXuSuVfClFY2fnJhSg20vTug89P4p2ngLJUNWiD94RzkMzSypfAPfVZ3AC8dumNdsOnHrbE4QhZUrcmAcJpiDMoY7TOmvIxTFrlVzJH154fsZnSQgfPauK7OBiY5WLzDmNvPO2EMDmmVes5CFVBj9yTcfKy44MGCzYK0zanhdiRgUhHuV4emNsbdIVtxgMBOA2TilO75qdg7ehv3Lk8kgw86t,GGR0RubrQ9jWFsqGhwwmURchc17DHPgNJNRGjYJuzSeiN1mcdHFDJsF5fJjk3wuFJoGnLsBnVofMkufNUZFxcZSJLhGUivR2f6IQKh2dQMXchfUmiRb6a8GciFxb94fx3PgpVuu3YI47bRiHwdyCEmJxrxkx1DzATyojAkU46VJ8kzQNGaJBQUJtefMOlGrhv582yKU0qwbaAiAZ65YAiDdY86Wx9LHihvktFmim2GxxWqOoUwAAWTHxKH1V4lM,rQtyligK,8I0zb9ie,pu0Gu9UB,TZukb7nm,False
erp9XJHr,s9hLNtLR,GJJVQzCS,64s8l7Jj,2mFHP7MU,FfB2Ch2a,4p5c1PIQ,wtNRAMfU,HxmaKs0x,QjRd8vMo,B8SSCRdr4tkJH7ni84tUELiR8QQaXMUBHHxDjRB02zoL4Yh0a5cCGN0pKx42WjueICyFfWKO8aDME0sZYSmdkHQN1Y1oaI4rysbwnvldddOMq6NsLSibv3V5J5IzIYI4jIgksR5OY51sWpEfuv4GFCpdgOQe3HgCUnApUEwPXzcI1LbfDxAN4cWwXde8w9WVad5rzQCLriDNrwJBXgunRBp8g2jqvPQdGRme1fQLTP8nYRkh4mguRT5pXYar8Rv,aWVsnBIdlU3ie2A4VaPxhn54IOT7jZO1xDoOabGQfSQHN5Znwk3Bx6jBK7exlDTbWg8jlDCYkM3ubzGMgF75tfR4u5kS8lQcoKZhTe8pSyT1I8lKvDO3qRB1V9OPAmhGvifJju6Px5C8srNeZdSwyZZPbnRewVKzkwEoYbHoi3QmJXzfpypG1ECnYEqImsJA6md0ioI4XzhSITObynmuGCfl14l5HoeHiTVR6kgjDg8jhUlEDZiqma6mcL7AO3G,bYl3em7Dgg2X4ixbkTvDpSA1C41tRNKhYwTgXF3YMUyuUt9NxlAqVLKkuT1xpcdgfEwYWbUygACfYrQGEYQ5ep3oSn3LF9zGYbuNAO3lI7e5XAccB7N2Z66NPXZRC6UrFBWVsUqBrY4GzJWPf6f4RhwvYlNAO49f6NN92blLWCMa8LSHtWurOYwu4bydRwRkh6dYT9y6khiUCTjlzT0RPG2BINndjyhaoaIMayH3YE9HzHIHrYb9tIMVO0NbcXE,eJKNThwf,NqZYCRWW,FMD8ReE5,xyqQeDWz,False
lxz2AamG,HpX14UU5,tHbaMVsQ,YXyGJBaP,usDnVodq,b194cSPg,OU8lCUfV,CM1XRSwR,x1WwBVEp,JDqqZoz3,ZXSkAkPzLVcqYwOP7WapFqbxFOEFZqrbJkpVthzPzB9PLiN6BXmIfMZyRBFmS06FwZO4D9AtgYDMtAFrxyECXXre1vVcL18ntj0PEzoWpIgYn8t44tRwaznBkojcgCrDmLqnkgGvKotxbawRPe5b67GGrdJFLnm2CEJrdk8r17rAn9fZHrwxlS9P12fJ6xUxBl35mKTp8D1RalXORRIjNLj0uK1xvgjXV4odmBZ47i55lpNh7qikqeSJDOU6Nee,Vk38KRdMzSk4DhT5ugRcgirflb3FsQUc8sNvI4MUTvoMaz4jHf4azMgV5uaSPlo3C6F4PUXioAanVvwdsW1LO9oJuHeJADAYweZU1pIaHWt2U8QNeOaH3iXigUVpEoIULKQWCKmHEC6bBxoesme3vVm26i0eiQfxtO4NtfKzbr8TeKhMA6o17hzXfEQIf5a9QervNaaPFZRLWnM7OqAyzT6LJW6e70L5S58VB0ebvf2qrCslIUjyrAzfjivPxR7,bCm5RaYGvaPjUNv9vd2VG65DBpNfFHYMbFAaQS4MTgTV2kcdVojlc3OLdcvWbEL4VjPUPUR8OKkGBvPCe4dR9ostqywHFmjm8OapnsLORCC1O1bpoHZHPLO2JS4eVzZk4oAzNqWqPgK5pbR3bWMJli9PiiYhKTz415lxBLjcrXdj8aYEZEN0uoWajEgjRa8AFvcudYRsoHyFTeq8Un67n3pwXWTVmOZPURMwcwQgSXyFz5W5vqpMaw8ofCVzkRd,1fNr7k3T,z42yYNUt,Pu6dH0Fu,zddosJP6,False
PJ4UqBd1,BKnxQH9j,Lzg6nR0X,EzaHzI9R,WmZMjWfe,33xMRQcT,cuH5KRCu,1BRnQPyj,IGWA7llp,K4pHxw8t,FXk9ilBXFG5ct9gJ9kXLiuSCQR3VPVLhhvyi1O7856bJ1pGPYxrGRekHbNMsz3sFu1jX0biCbANDRcvKChNuldjFscV969KlneTyqIoUkebKsPYLW70T7Dnp2WzjYndmWGn8oIDc0dnm89uqEt457gH8zX2QlhJjh5T83pKGYh8C7IgQRKY5VTV3prDl5479BhQs4E4y9BGZVobdEy4WkuG2cSMJYLCFpRay5Z3mjk5nnDE04l4MKyj0q6Ttuzh,jD7mAnekQNN3RQlQHrubAiiGzb48ltt3Oig3MGQ5zr1VmruJh6We5soqWDJEqHpt0tXh9FUag4UfMXXnCQzWtYcNsb14oznyoiH2lnCf799d0dqxNP2ocgZxLBG0RLSd72IT2l4w47ShqyxTL804CfV9j2A611lUDRt5syiLinRWEoRPLSvTYDXmxA7xQvxGx8K3hGi0rJWYDGJS1ifcHxJkJyBzGbm8qbVQKfileARUnFYSNCrTyd2Xa69y2G9,1VW4UlzBYvBdgLEfGN0zN4RgkOQKSSOoKBFhAchGpIicFXZUNMwm76r2N0L2z8YBrUScbtRxbQnTm1MkgZiqbQlICp0FjF1YvCX4VULFBgqA9oDYkAJ50qJ9jM0exHBycu1qcP6YVf5zik6A02FRN9RZ4NUXUQ3wtxHYO11BcrHzxPCZIIk1GtpYHiX6q72QsllDarzYZ6ztdumHHmiFKqebSwiz2wOh4aO0nCNbg5uk8USW7wyDkk3nk7XvPag,8EzuJHWJ,iW7FEdYs,YL980Ckk,fT115NGb,False
dt3wtVYE,de8myqze,F1cijdRN,EVN9CB3l,kbz715yq,js0XNIJg,R7PjnALE,m726Mt9n,sHhJyFIv,eTg7zrZr,QzjKyFUKL4LpzPklb06gGlLaaflZtMLtziFiFvds5SIpeLp1zTxfNSz15CfmRjv4kDPA5BaqkxVJTOP2s9tXCoF7DQmMKFcouDhIucdHmV5aeJuWK5yVKPvneBhe7tvZwfOn7c2I2OPqqQP6KeUvlEm8C3ZWkPkRQ51wIK2Vsp3dxr0Utn8GyHro4GBToJA12chxOt3utb4ApbEM3B6aurc62u716JIdTPPqeh2A1PXIW62dKApnzWlo6OOWNws,RBd2ZdUV21UjfKu7dhVvU9myaRqNRw0LDg0i95hHB4rGKZZF19B0lhoBeIrItXNefsmhYEKKCR6Q9WDvREx6lRKPDEnP6FADyUyyNZPmUvs0nPczLPz3coBlznAHf6RZfHxiHaCBxB2tg69rxgXyJWNpSjAQEHNWhH1eagJhOtEYKRDqoNuazbd8TYNmh8J17FAADbjUtYeLWtuL7q1uawRB8EUHAJkOiLxjSLBbUoHJfse0xZvt9pkIeFLkybl,XWbsavec2dZYkE4aGrL32YSKEsUClVAs5sp80HEVtalaSOYivoLjfmhni7r8QgkQKoObfciusOajbELSu66xww7aqCJU1zC7t9xenCfq70y1kDVym4vWboM8XJzVByRxbyLREmNLR4P50hxjWstKwkCa1BVeR7bKRcBppXUUMemxQsO23kD3m4QOtEcD9H6Y5MBxd4oq30RBCFHtyQOJX84fNxU2L3UgSWzYjwccDtbrR4aXbhvbFu8q1dKWZOv,wtGn1EyB,JfOf3fGq,8HAatBrn,ieKBg2MV,False
r0tHNNOE,mxAi3q4F,wkVvm15Q,4zbWO2gu,7AIrZA5p,rGI7CZAB,xyd0OuUk,Dw28u4nD,ABRBtKZH,CxhVq3GR,u2UVR5XVEoteDc8lY1h5r1hhcUnyB72XJ82uorQX3eKCPyKCKsbua8Gj2dVvM2o0rciCvyv9rOyi3NKNiShBbp7lcXfQvTZv6keXI6GNa1xCRwEa8VOkhKdzeSQsPEq3QIZ6tY9hFGSQP0V7zmTuzI06sp3CbYfDcP9bXwfA0hlFRNkJ9582Blrj5su2n8UDxdy8b04UXckg1oElAErjlx7CtGl0jAMD6MfSqGdDSS4X0MgcipeMhWy9TPUZzm4,tZtaqSv7e4fEzTQ3WiX4Jd3eyDi21P5D8UhW8lICCkSDWaRyme5J0rNI6f0wXYUs6as63rawSeQf5XEZtgBvrCXkRZm0jNbTxLEm5Bvmk9Ya9AVVKHQkGBvvyneOnYP0j4mF3ynGSlVmjkLtZmrFoHYeZURTv4hKxF0pageqEIUGbMymVJNiliOSo2XOC3Oz6YrUL4X4T2zT58GWs7B06ULLE8EusISOY68S5xllxD5yDbDmD84t9x9AxaqV3n1,ZpvGFS1LAXSWoi4juNigWusdlG21Xx9cTJgUwsRrxZB4StCAdwif5fwOUBG1iqPU7SyJh75gBaFBxK1HyOkbS3uh515mkaM4JzMDmXm2VKT7tPwvgtXCK7UHk4eDpGkIULIG6BKtwtIms7GqSbhM5m7kq9OfxgzDuuXSKXdXWTXBKzqpHclLRrcOEYM4RWQuwugq02fgWbo8T1Nj2jLVLX688rkL0DODUYjSPD88iU5FQwieRGeEeaaBb18rRhS,AbCMc8d8,Xx2m2o1M,Trq59ocW,w4gCKAbC,False
HJhyJxne,F4a13LUE,Hjk7onvQ,3CgPZ8tI,3zedaFhs,7BFO9Qyz,x9u5dt2q,1rQNxQog,QGkSXoSq,daLoWIcD,C0NBtQKo42DjOlSKIPe42gw3ww6x6iP7ScSuDigRRWe3UCjrqhbtKEnS2HYfxIT3fV4rBhGTFxgMcn7ucekIs5UanVdC96Tg7UD01bldYuATqBL81SNanmVcTB9SUZJ5RaCRnFRxWosdBuUm7UalPy6zhajs2PrNvkJXTJl6J6EMLmQYoflB5H5fqTzGF78BIfziTarqGiLf2bt11jMI3py43Rc8iVABuoFrfHBwTk2g5QCcLoLlv6ZFBjB6F40,woKwkDEnutlNQUwo4ZCFsGI2wR2ZJB7w2KInPsLDuHqeHGicYPx68KLoHpjNBMOJt5xXMJKKMarJjmpu9l5HZDox29JsIrPARJkm6WXytipizSsjooBalfKild83BuEwcg2h6UA3R0uVUJoZSQjwFAEObfgZjeaON2M2bOoc8yD59Pd88imAr703x0P4vB8CQnkfFiGlHnPcdnaTVBHggzZDng2zTybqrb283YkLLfdG1kxKLTMc9ejm5tYvHDD,y1TSunznZGq8BHtHUpenetdVRMNqY8HKpmMucGIoUA5GMnocKer4OKqpAQXUnIvU6zX1sxNs2HQIutV2N7nhSOf635fv7Rqu2DGb0LZVjBWCmG0H6Ejs44HdDSPqgLCbNZxz3NlNShe10hsojNkJott3KnpJWpVg7r3SJQCi9lAmsv91crwEOHBZTn414s7XVX9GSUxzQMGBYG2HsO62nPjPYPtA9WGQLqzZA0psKrCQJ7RWXidLNhXEzuYojg4,fOwwML3u,d9lm47wo,yLgRY8p1,DUNPPnxX,True
IayZdn9p,2AmSbBrJ,15AESRis,bJZ8mbgZ,ifQ8csJ0,xG9gne7M,TI9Swmpz,bLe7zs1h,FiT0HKcr,0zZN5Ijv,F0ZU0gq3JF9NEfrWprt464v4UVyD1lKJPOCwkigEggQOAL2g1XpfPB8assgwzFwTq4Cb91u1B3j9sLlsoSyYnK8FiU5kHqPRYBkWlerH5AoWXQl7PxqtGSMu4E1HhPs1WXs85voSl25oFR5a6hkl7f3MW3tygocDDO7xsvVXaE48N78GFagB2OGluY4W1JPYBJlEuscHajbe1FrB7xqET9GlUiX28QSHHDQ1eqwbR7LPcDdMV6PE1KCM3iJkxB8,NWBnRk0WMQX4WnRMtZMrHEOBkGZSGj5jnm74XTs02MZwat5zg0wqbVsOYqCzi9NegJg9NEHKRu0uHdH4v5CyK4CCQnHBEcjOwofkefrJbK8GGtMc1gaWK5vuoeqwJfCE1CbENJJcdSU8YXxNHQQKzEOP4GBGfs5YEtlg7h2vaRD9ct1w4Z72RZDArn4NUt0Hx1pmE6RQIAg4ElYJbKgxNH2it7pTyZHC9kAUegncljkv3h4n7cBSGsHkoyOBH6f,xSgrcV2KJbvyS6rNARdLpaKKQxQmBm4ajEA3otIH9jEakbOPGvOKKqHmzL9MngrV8nEC9KgcC91qsNlCyliQcyVOOtVaCuMWhol92xJDhsFWDhaR7HdSVVaq93clMKrX0Mb0ytB4OqHJUSX21sMRL1ql4fJn5wOvvNyj2K8RBvMNM5eAZEUciOw4H6nB5h6NDL5Z5XLNHr26Z3ovyGKflmrwGNLItsdTmejxIBvXF3qCWmeTothdF92Oj1vveu8,dGh0uUj6,QxE0Lfiv,WV2JcyM7,ES71kPta,False
