id_motif,libelle_motif_ar,libelle_motif_fr,ordre,date_creation,initiateur,type,direction,CatDoc
616,FZj3TBpP,MulWhmH7,929,2010-10-30,7uM39PFQ,0IoF7gHK,O5WmVhEe,0oFm8XXu
586,zgLkUuH5,YELwpKvf,63,2011-11-02,gfThlp4a,zPypFGhy,yXRhIXgZ,eS3BQVcm
609,NYp4vEvQ,EDjoc2Mr,503,2011-06-23,HQ5ydU1R,1ZqYS6Js,kWcpKXlA,suU4XVh6
898,3JKi86MY,DypW1zrk,261,2003-09-21,TBvvU1lM,17zVzosQ,blj5F2Ao,3pphstov
912,3YjWk5hC,h3aigpe3,739,2018-10-30,9f57ofik,COyO6CQu,9OnUWCyd,4rPHtbHV
447,Hb0trGzj,FsEyDUdp,665,2019-02-11,AnsDUyhl,IcfaeZHK,2Pt3xBXf,cs2TIvly
839,7UfMdiq7,ob5xfYbD,256,2007-11-12,y3YslQUG,wDliffE1,GKdXLHIy,3MiOBAbr
797,3xLsCYJT,PiTJRm10,660,2014-11-24,XTowjFC1,eMBWxoe0,2EzlNxOS,qug24quq
941,m1UYCfzx,lbseW9eJ,668,2007-05-28,545rPeeu,aONyCIAl,9prBCIW3,sXTZ644B
73,JBOUuy7O,iQZBnu2a,908,2022-07-15,56CgakEd,0KNRHuBm,UQBR2dDG,EqoxdR3A
