Id_rq,Objet_rq,Description_rq,IdUser,Date_rq,tel,NomPrenom,num_marche,serviceext,Role,plateforme,type,piece
109,sUs0asey,ubywQe8oGLsblpXSw7na90ARunpvCPahPE5GFgtzsvM5cAXXmF,eIrQdNWe,2014-06-19 06:53:44,Rbx9cR7V,5VUGBbI6,qfVDmdqu,Mwl07bRM,11ImQ152,lWAnD85w,ZUM1neIJ,LtYMhmtI
28,TP7koNFi,aXfxW2cIt5hgpq0v9WnfrXBl5ucjD96cQQGmlCjewD1NTmxIgC,ZjUREcj4,2010-09-11 22:19:17,NGAACMxw,59qh67nS,DBAqkPE1,HjK1tMlW,ReOnbDhZ,qkfJhGO5,aS3UgU9K,Gch7qzWV
262,b76IAur6,FFD8be1HUxlBiWH6oZKjjiJUbq9sVvJWtYglFoVfFB7fxEhQeI,3MiLVWSF,2021-02-05 21:58:29,IXmKCgcG,DpCuTFtv,sv3KwUvd,TCdFU03J,BEHbeckc,TItBn5cs,FTzOlBWo,MY3g9TGR
585,rVmZkZAJ,iG5gbOujAOqnWBg8JqM4F0cjmdSU18bpG8RUxRM9Yd3QwoCnCX,6Ow6DTFP,2007-08-16 09:54:41,ZsQEJbKV,QIRKzjaG,nRbECX2I,QEvI3pDc,4hz16EQ0,wD8lMGHE,a2OBFe3m,PXnTK3By
360,e60HPuuE,vagjc5iTFwEf2oX2at07xtXRGnKDNEYqM4w9DXc7DoOQrXUoY7,2VXoo8ue,2005-08-23 11:19:46,d3Ca5OP5,f6B6IuLG,vEZifLb3,NvA6sMq2,7lezUjfa,rrvc9UPe,rgW1eUHt,eDrPA4B9
77,liaQdTnK,R6ano34jc3T0j5Knf0Ox2cISMnmx548N4Ff8WlRiHMaO8j3cMD,B48YXp0S,2018-12-18 14:29:34,UKU6joqY,9U3cgtiZ,lxg6YJOx,LsZJ56kn,fnedEwaK,4CPaPxqf,gaotRAm3,EiMGkB1f
253,RWZ4ilgU,h94HR7INJrlMcWquxdqaCQF5GYI6LFqi6RYwuUzkYdLPKnwb1l,Wy2bhy3M,2015-10-01 23:28:58,qqbfPKwo,ZcLgGCql,4bHvC4Ha,6SoMrC2K,VibeCL0t,B65X4LXH,Mp4XJmwk,XJdZDY09
291,wciHkBMi,sWGoYuZ6O1RyYwN20NRuRjbYZlRAKqt1qQg9zDv7VYI8YTAfrx,H8n8hpBs,2001-02-27 08:10:45,emniO1bk,XfxQAPup,Q6jIJZ9l,vUfI2NKO,zcmXCdkR,WHXozmA4,CDHp2Z4H,DZ5wW7Lk
451,xsf6CuW4,QwbUwU9mtkq9unSbgMLVM8uBP6pdt8VtdWIRNzrFo4i2NyoEIZ,RlvH6eI9,2020-01-21 03:58:07,rKSTNzCo,D8tuO6Qc,VnRT0qhx,cGQAjQtQ,B4ZZQUSa,GZ5DX0Rm,eI6tGN0N,sRPg0IuN
860,VQQEUocp,SXLOI9cnez5OaqLOgbh83MawX23S6e3E0N0BWEc2Vlz2iaIfuK,KcwEabB2,2006-09-28 17:23:33,3iKX1k24,u8cCwRRQ,yVwcRcl7,xur7MuB5,vmLkdIUv,rCZ3RRGx,Ci7r52Nx,9JXH5pGS
