cin,nom_ar,prenom_ar,nom_fr,prenom_fr,date_naissance,adresse,adresse_ar,nom_pere,nom_mere,nom_pere_ar,nom_mere_ar,nom_conjoint,tel,situation_famille,nationalite
v9a1hmM7,X6LFi8jz,oz82Qqn1,ugqoBhiM,aXAqGSTZ,s3q1fMVo,PgjG2o7s,WVmPdsTV,6DBYZwcY,NcVrgmO4,okVDsZxCvdKtuGcgGGhh8wKy5i1RBhyQtllEk6XbAhpmU4QOhe,Kf07a9QShD2QEVvJe5KpbQXUwFTrK7lyIdCLxFwA97MvaDSWcy,6GlxEYm6lHFexD2OZ0EtOhNb259dz6z5oy2DNy7IRsRiUZpcOU,Ax47iqvb,A9FHKytj,wpT9skB9
VG6NBCv9,p3Glg4kF,vducQUHu,Be3Ilfy5,0dmproNl,0KASDJ8s,N6Twl2QK,qlyh2xeY,zJU5WTGp,TEplWlgZ,8vljWd4Uo89mLx5YuTlkMUi6mDCNVwhCjjWm4FVJqxty4EFAYb,UFOUqwmHBrW6Z75TBgnzTf68GeZ9FkZ7fJYHMHuHiQYYcBVbtY,zhZiMEgFWJdjkqkIIuSqcbh7rhbY1786FNhO7es8tsZUL55zdn,1TcaBGjv,67NEAUI9,ZjAu9NaD
tvmN8VJl,UcjRt1jE,D11StryL,oxhgqcG6,zvQSbrlE,4BQLxYPN,WT9lkHk2,z9ygekwE,nXnAS28V,J2Lt76Ep,oexs8SQDBIjHd1s3tx3mnbfirdEjBmUzvK2Oazxe8w0SmCsHrz,639RNYGuduMetC7ayt7zH3L2TNl8BvL2mdg4kHrNS2fBWWbUXj,FAPTjW0j7EWSQdwhjpubTOhJ3X6SaEvdvT5Mhb4TUPchW5Xa7K,yve8609T,2RcD9Emp,8ULsQfPJ
T0TeqfkZ,w1qp5kjY,ZeRR2nSx,myl0b8tp,KXB7iSgd,tTH4eB7O,ypyWZIOx,UU7gqATG,BvYlCo9g,VGJVNIel,LLe2CzG5a3UexZ8q6LN65VoxtkZLkVHK1OzC9xTWSUSEsx8Zlg,iY7VBZ6hN6kt5R58H2VM8BnDIsPf6MMrqd8kDGeDOj0DSjJRAE,A5noUVODcRkZHw5tgCUmx5dI6k3kJdFARRRk8iKuL1AgI4xNy8,HfhgZnZL,bmWTVY9A,HN6ng0sQ
IGc6sPGk,UhFWaBgH,z7IIcfBh,XHPgWxzz,EwyMccKQ,YrxxBEbP,EQkLOBj1,mZVsAE6s,fl8DSbwg,lJGw2oyO,hzhDSXtozpjU5LWrGoLHukGAFUh5OfZFcyfGzjmJa855NL6J3r,UR4D0XTX1xNS4t4xj4HP60brZndps8DxW041YZh6q2ezzcm2gu,K3zMCjy6FJ6uOncDLAOu2cAufYCsAvT3C9bQGi7PLZeJ0AvEme,t3l9SEtG,0qtAQzqy,AJhRLitr
KuaTyWKn,UDReBIaN,hEkXF4Lq,mgMiRoRA,SsKRcqpe,iHEEwf9O,YIIpkiFk,RqvcmWMa,e6J9m9tt,IAvHprLI,avoQtMb4el047TMSrWM7T1ibmnRqPQLJIWDkvHjsabEA40UpA4,LFYNyByoWkqUUwQwIbEHPgc9SRw5qC9fHR5EzXHGSCPRsBkop7,PDCTUJ2WY98mmD3166LL37RhZbAio2yn4Hqbvg9KFtLuGP2vus,3LbyjOOW,4QBW2GDC,8aMlLOrC
0N8bQJAA,leVeEc20,caE2IfPX,h1QB8OH3,L8rHLpCK,PWMUpnXQ,ODfXv5kh,mdPUbfUu,FmMLiBiY,JF58pjUl,L7KeogqshD00vaXXVLczv7IiXVibtPwbxVHYcwD8fY07IYKBRE,DJBiZS9aBmOx6xvHkHItgTNxmgvqrQjcTNz3b4MLcEkjbW4lnS,3AIVPSKl5LA8E969D5RkodnRP4NeYuXFL8I9ARrFt3a5hCFSso,VRrjdG6n,tWM7wlEq,RBfpT9w5
zmY5GP9D,Ce2rw5yq,32qyUnHI,9V6GjTyD,jC5ojs1d,AyGU4v6L,MHiyUAUi,LLTw8fBH,hWFJfgR5,jPVClGjV,VM4yzSiKJUWEYaTm2z9gXB6gT16WcD0gEwfsa79rVoIaxpmWAK,uBIZ3i6lHF8HImjnGQ0mnle3Z85FgLkUlKGaihEngTOyS9zz0H,KCUKixOqgOLuMIkleku2qXulR04SReUlt9efKTAykPxUwN6B2C,OSSf3AzF,FGtk5alM,VJbBYz97
8uUJ9YrY,Hznf8EPo,9jaUPz7p,XpUJ9o63,lKYleejS,1C8LaVKr,q2O4u6Pq,L3wTzOqJ,dmGKpWyj,wFDe16Da,d2axj29ZXhh4pD4ZkAmqu9riUQQHImj99qyNjNRBDjkGkBGGnI,WFNR3Gj58rYW49mgHAaBGwo11pX1DX45BEqIXDftW8v1yenLP6,xysHNFLXg4n44dLIiRWIdy1B5vVuaMMsyFjevRS7j10awL8yPo,FY626pIK,KpYZ0zO1,3euAoPnr
wUMxfCA7,sZKS2hRh,FhRmozsB,1RPLnz13,fdzCpX1L,DGwfDaQc,U8RbyKvr,22nNZUi5,gbFEXDCX,NTCcuNQ9,TBZdImsE5U3oXqW2jDAW1y9tjGnXkLNURNaPQUevgTCU7me2Sa,e9mifv08bPHFAqQpeGZtO2um74jH8T7QVUe06WcdGFwcZAI1Gy,DrMgmzFBWAiMK9jVMcFERG58Owa3HQ4mp7bgEmAtCrdzTaSyaJ,utjb3DH9,I9nGssDa,Ak5K2st3
